account,currency,net_cash_balance
ACCT_ARB,USD,12923362.250000019
ACCT_FLOW,USD,-58817927.59999999
ACCT_HEDGE,USD,196537819.73999998
ACCT_MAIN,USD,-33055782.699999996
